Original Comment,Cleaned Comment,VADER Sentiment,Hugging Face Sentiment
யோவ் சவுக்கு நீ பேசமா அதிமுக advicer ஆகிடு,advicer,Neutral,POSITIVE
ஏறுனா இரயில் இரங்குந ஜெயிலு வந்தா பெய்லு வாங்க சங்கர் சகோ காத்து இருக்கிறோம் உங்களுக்காக,,Neutral,Neutral
சரியான முட்டு சந்து,,Neutral,Neutral
ஒரு பள்ளிக்கு அனுமதி தர 50000 முதல் ஒரு இலட்சம் லஞ்சம் வாங்குவதாக செய்திகளில் படித்தது. 20000 பள்ளி x குறைந்தது 50000  எனில் = 100கோடி னு சொல்றாங்க. உண்மையா! <br><br>குறைந்தது.. <br><br><br>இது இல்லாமல் குட்டி குட்டி  இஸ்கூலு வேற இருக்கே!,x brbr brbrbr,Neutral,NEGATIVE
சவுக்கு சங்கரை சிறையெடுத்தும் பயனில்லை.. திருட்டு திராவிடப் பதர்கள் திகைப்பு...,,Neutral,Neutral
Savukku shankar must come back soon..i am manifesting this to the universe ❤,savukku shankar must come back sooni manifesting universe,Neutral,POSITIVE
"Sir, back side ulla banner la Ella thalaivar pic irukku ana tvk thalaivar pic illa??",sir back side ulla banner la ella thalaivar pic irukku ana tvk thalaivar pic illa,Neutral,NEGATIVE
வெளியில் விடுவது சிரமம் ஐயா. <br><br>வந்தா.. Speed அதிகமாயிடும். <br><br>I have a doubt.. It could be a life threat for him. Bcoz their stakes are high. <br><br><br>How Savukku is going to manage these BEASTS of POWER  .. தகுதி இல்லாதவனுங்க - பெரிய இடத்துக்கு ஆசைப்படுவதே காரணம்!,brbr speed brbri doubt could life threat bcoz stakes high brbrbrhow savukku going manage beasts power,Negative,NEGATIVE
நம் அற்புதமான நீதிமன்றங்கள் சவுக்கு சங்கரை காக்கும்,,Neutral,Neutral
"<a href=""https://www.youtube.com/watch?v=oYj-PkAKLbA&amp;t=94"">1:34</a> Vanakkam",hrefhttpswwwyoutubecomwatchvoyjpkaklbaampta vanakkam,Neutral,NEGATIVE
எப்போ ஷங்கர் வெளியில வருவீங்க 😮,,Neutral,Neutral
வாடா புரோக்கர் பொன்னுரங்கம்😂😂😂,,Neutral,Neutral
சவுக் அண்ணன் மேல் இன்று மேலும் ஒரு அவதூறு வழக்கு போட்டுள்ளார்கள் இதை வன்மையாக நான் கண்டிக்கிறேன்,,Neutral,Neutral
Savukku is very great,savukku great,Positive,POSITIVE
Y these chief reporters r not reporting like this  news..what doing all news channels..,chief reporters r reporting like newswhat news channels,Positive,NEGATIVE
இங்குதுதுதூவெள்ளையன்ஆட்சிநடக்குது,,Neutral,Neutral
ஏன்டா சவுக்கு நாயே கடவுள் இல்லைனு சொல்லிட்டு ஒழுக்கம் கெட்டு எய்ட்ஸ் வந்த நாயீ நீ நீயெல்லாம் ஒழுக்கத்தை பாடம் எடுக்குற பரதேசி அடுத்தவன் பொண்டாட்டி ய ஓசீ ல தள்ளீட்டு வந்த நாயீ உங்க அம்மா வ அடுத்த ஆம்பளையோட அனுப்பும் நீ தான் புரட்சியாளர் புடுங்கியோ புண்டை நாய் கூட சீசனுக்கு தான் டா போய் ஏறும் நீ நாய விட கேவலமான நாய் டா,,Neutral,Neutral
enable super thanks. so we can donate,enable super thanks donate,Positive,POSITIVE
Love ❤️ u ss anna 🔥,love u ss anna,Positive,POSITIVE
37000 பள்ளிகள் உள்ளது பள்ளிக்கு 10 ஆயிரம் என்றால் கூட 37 கோடி வரும்னு ஒரு கணக்கு போட்டு இருப்பார்கள் கணக்கு செய்வதில் திமுக கைதேர்ந்த கொள்ளையர்கள்,,Neutral,Neutral
அடேங்கப்பா ஆன்மிக அரசியல் இல்லாமல் இந்த ஸிஸ்டம் உருப்படாது ஏனென்றால் கடவுளை ஏற்காத முட்டாள்தனம் இதை வைத்து காசு பார்க்கும் நாய் சவுக்கு உட்பட அனைத்து அரசியல் நாய்களும்,,Neutral,Neutral
"ஒவ்வொரு ஸ்கூல் பிள்ளைகளையும் தி. மு க. MLA, மற்றும் அமைச்சர்கள் வீடுகளில் போய் நிதி வசூல் செய்ய அனுப்பினால்  40 கோடி யும் கிடைக்கும் என்று நினைக்கிறேன்.",mla,Neutral,POSITIVE
ஜமைக்காவில் தமிழர் கொலை!<br><br>மேற்கிந்தியத் தீவுகளில் ஒன்றான ஜமைக்காவில் உள்ள சூப்பர் மார்க்கெட்டில் கொள்ளையர்கள் புகுந்து துப்பாக்கிச் சூடு நடத்தியதில் நெல்லை மீனாட்சிபுரத்தைச் சேர்ந்த விக்னேஷ் என்ற இளைஞர் உயிரிழப்பு.<br>Intha issue knjm address panunga 🙏🙏,brbr brintha issue knjm address panunga,Neutral,NEGATIVE
அருமையான கருத்துக்களை அற்புதமாக சொன்னீர்கள்,,Neutral,Neutral
Super sir great savuku,super sir great savuku,Positive,POSITIVE
சிங்கம் காட்டில் இல்லை ஆனால் சிங்கத்தை பற்றிய பயம் இருக்குது,,Neutral,Neutral
நீங்க வரனும் அதுதான் எங்க எனர்ஜி!,,Neutral,Neutral
School students kita vasul panna poranga thalaikku 50 rs,school students kita vasul panna poranga thalaikku rs,Neutral,NEGATIVE
Savuku savu da,savuku savu da,Neutral,NEGATIVE
நீங்கள் டாக்டர் முத்துலட்சுமி ரெட்டி மகப்பேறு நிதி உதவி திட்டத்தில் ஏழை கர்ப்பிணி தாய்மார்களுக்கு கர்ப்பக் காலத்தில் பேறுகால நிதி உதவித் தொகையாக  ரூ. 18000 ரூபாய் தராதது பற்றி பேச வேண்டும்... குழந்தை பெற்ற பெண்கள் தங்களது குழந்தைகள் 2 வயது ஆகியும் கூட தரப்படாத நிலமை உள்ளது... கேவலமான அரசு...,,Neutral,Neutral
Old video,old video,Neutral,NEGATIVE
Avanga appanuku matum elathaiyum panuvanunga public tax la public ku pana valikum intha thayoli naingaluku,avanga appanuku matum elathaiyum panuvanunga public tax la public ku pana valikum intha thayoli naingaluku,Neutral,NEGATIVE
"<a href=""https://www.youtube.com/watch?v=oYj-PkAKLbA&amp;t=87"">1:27</a> vanakkam maalathi ilaye 🤔enga poitanga savuku sir",hrefhttpswwwyoutubecomwatchvoyjpkaklbaampta vanakkam maalathi ilaye enga poitanga savuku sir,Neutral,NEGATIVE
அண்ணன் தேவையனா ஆப்பு அடிச்சிட்டுட்டு தா போயிருக்கார் உள்ள 😅,,Neutral,Neutral
கடவுள்  ஏன் கல்லானான் மனம் கல்லாய் போன மனிதர்களாலே,,Neutral,Neutral
இது மட்டுமே உண்மையான ஊடகம்🎉,,Neutral,Neutral
Swachit Bharth mission kana panathai central govt state ku kudithidum website pathigana irukum,swachit bharth mission kana panathai central govt state ku kudithidum website pathigana irukum,Neutral,NEGATIVE
சிறப்பு🎉,,Neutral,Neutral
திரு சவுக்கு சங்கர் அவர்கள் நீதிமன்ற உத்தரவை மதிக்காதவர் அல்ல ஏதோ ஒரு காரணத்தால் அவர் சிறை சென்றிருக்கிறார் மீண்டும் வருவார் பொருத்திருந்து பார்ப்போம்,,Neutral,Neutral
Mudhalvan Naa nii ni mattum adi Naa ❤❤❤❤❤❤❤❤❤❤❤❤,mudhalvan naa nii ni mattum adi naa,Neutral,NEGATIVE
Anna private limited .... DMK private limited company,anna private limited dmk private limited company,Negative,POSITIVE
Super,super,Positive,POSITIVE
அன்பிற்கும் மிகுந்த மரியாதைக்குரிய அன்புக்குரிய சவுக் மீடியாவின் லியோ சார் அவர்களுக்கும் மற்றும் இந்தியாவில் இருக்கும் வெல் வீரர்களுக்கும் என்னுடைய நல்வாழ்த்துக்கள் அன்புக்குரிய ஆசிரியர் அவர்கள் எதிர்பார்த்து தான் கொண்டிருக்கிறோம் அவர் நலமுடன் திரும்பி நல்லபடி திரும்பி வந்து என்பவர்களுக்கும் நல்ல கருத்துக்களை அவர்கள் வழங்க வேண்டும் அதுதான் எங்களுடைய ஆசை வாழ்க வளமுடன் அவர்கள்,,Neutral,Neutral
Leo and shankar go and study in central govt. website. Don’t do false narrative on central govt. scheme,leo shankar go study central govt website dont false narrative central govt scheme,Neutral,NEGATIVE
வெளியே வந்து சவுக்கால அடிங்க,,Neutral,Neutral
Tomorrow  coming  soon,tomorrow coming soon,Neutral,POSITIVE
கருணாநிதிக்கு விழா நடத்துவதற்கு எதற்கு பொதுமக்கள் பணம் தர வேண்டும்? அவன் கொள்ளையடித்து வைத்திருக்கும் பணத்தை அவன் வாரிசுகள்தானே அனுபவிக்கிறார்கள்! அந்த பணத்தை இந்த திருட்டு கும்பலதானே கொடுக்க வேண்டும்!,,Neutral,Neutral
திமுக தேர்தல் அறிக்கை 390 என்னாச்சு?,,Neutral,Neutral
சின்னசுடலை - இவனுக்கு சாய்ந்திரம் 4 மணிக்கு தான் போதை தெளியும்😂😂😂...,,Neutral,Neutral
சவுக்கு அண்ணா விரைவில் வெளியே வரணும்❤❤❤,,Neutral,Neutral
சவுக்கு அண்ணா விரைவில் வெளிவரவேண்டும்,,Neutral,Neutral
Sankarneee....,sankarneee,Neutral,POSITIVE
போதை கடத்தல் மூலம் வந்த சட்டவிரோத கள்ள கருப்பு பணத்தை வெளுப்பாக மாற்ற அரசு துறைகள் குறிப்பாக தமிழ் நாடு கல்வி துறையை முறைகேடாக பயன்படுத்தி கொண்டுள்ளனர்.. இந்த சாரணர் விழா சுற்றறிக்கை கூட அதில் ஒரு வகையாக இருக்கலாம்.,,Neutral,Neutral
Savukku sir very inteligent  one man army,savukku sir inteligent one man army,Neutral,POSITIVE
Savukku sir……Vera Level ya ne…….Already Ella video um ready pantu than poi irukinga pola🔥🔥🔥🔥🔥🔥🔥🔥🔥🔥🔥🔥,savukku sirvera level ya nealready ella video um ready pantu poi irukinga pola,Positive,NEGATIVE
Again Arrest to make him stop but even now Savukku &amp; his team rocking 🤩👏🏻👏🏻👍.. Even now they are bringing TN issues to PPl.. Gudos to Savukku Anna &amp; his Team 🫡,arrest make stop even savukku amp team rocking even bringing tn issues ppl gudos savukku anna amp team,Negative,NEGATIVE
இன்று மதுரை சிறையில் வைத்து மற்றொரு வழக்கில் கைது செய்து இருக்கிறார்கள் இந்த பயம் கொண்ட அரசு .  ஒரு தனி மனிதரின் உண்மைக்கு முன்னாள் பயம் கொண்டு அலறுகிறது திமுக அரசு .,,Neutral,Neutral
V r waiting for Shankar,v r waiting shankar,Neutral,POSITIVE
❤❤❤🎉🎉🎉,,Neutral,Neutral
அண்ணே   ஒரு வாரத்துக்கு முன்னாடி இருந்து நீங்க மியூசிக் ( intro music )போட்டு இருந்தீங்களா... அதுவே ரொம்ப நல்லா இருக்கு அதை யூஸ் பண்ணுங்க  👍,intro music,Neutral,POSITIVE
Pls dont change that music used before...,pls dont change music used,Positive,NEGATIVE
தம்பி நீங்கள் சீக்கிரம் வெளியே வர வேண்டும் மனசே சரியில்லை,,Neutral,Neutral
Savukku sir jail la irukkumbothu yeppadi sir interview,savukku sir jail la irukkumbothu yeppadi sir interview,Neutral,NEGATIVE
🔥தலைவனை புடித்து சிறையில் வைத்தால் வீடியோ பதிவு வராது என்று நினைத்தவர்கள் இதை எதிர்பார்த்திருக்க மாட்டார்கள்... இதுதான் சவுக்கு அண்ணா தொலைநோக்கு பார்வை 🔥🔥🔥🔥,,Neutral,Neutral
thanks for the videos.,thanks videos,Positive,POSITIVE
Savukku Sir released or not.,savukku sir released,Neutral,POSITIVE
சவுக்கு சங்கர் வெளியே வரவேண்டும்,,Neutral,Neutral
"Surprised to see these videos, awesome strategy 🎉 , hope the govt machinery don’t aim for another adventure this time , especially when honourable Supreme Court warned eventually last time and govt team advocates said having understood the writing on the wall of honourable Supreme Court",surprised see videos awesome strategy hope govt machinery dont aim another adventure time especially honourable supreme court warned eventually last time govt team advocates said understood writing wall honourable supreme court,Positive,POSITIVE
"Sir come soon, v r waiting for authentic news to know by you<br>Videos are too short , deliver long video as usual sir . come soon I support savukku shankar",sir come soon v r waiting authentic news know youbrvideos short deliver long video usual sir come soon support savukku shankar,Positive,NEGATIVE
Super sir.... <br><br>Thank you for your information,super sir brbrthank information,Positive,POSITIVE
❤❤,,Neutral,Neutral
Souku mee thaan DMK varuvatharku  help panni  avan,souku mee thaan dmk varuvatharku help panni avan,Positive,POSITIVE
"சவுக்கு sir, swachh Bharat  திட்டம் பற்றி பேசுங்கள், இந்த திட்டத்தில் துணை இராணுவ ஜவான் களை வைத்து சுத்தம் செய்யபடுகிறது",sir swachh bharat,Neutral,POSITIVE
Stand with savukku,stand savukku,Neutral,POSITIVE
DMK benomies will give,dmk benomies give,Neutral,POSITIVE
Va thala ulla irunthalum inemae enga thala video varun pre recorded infinity ♾️,va thala ulla irunthalum inemae enga thala video varun pre recorded infinity,Neutral,NEGATIVE
டேய் சரக்கு  சங்கர்   ஊழல்ராணி  ஆஸ்பத்திரியில்  இருக்கும்  போது   இட்லி  பிரியாணி  தின்று  அரசு பணத்தை  காலிசெய்தார்களே  அப்போ  நீயி  புடுங்கவா  போயிருந்தாய்,,Neutral,Neutral
எங்கள் மரியாதைக்குரிய சவுக்கு அண்ணாவை விடுதலை செய்ய வேண்டு்ம்....,,Neutral,Neutral
மினி பஸ்ல இரட்டை இலை சின்னத்தை அரசு செலவில் வரைந்தது அதிமுக தானே,,Neutral,Neutral
எவன் வீட்டு காசுல கட்டுமரத்துக்கு விழா?,,Neutral,Neutral
Red giant la irunthu vaangikalam 😂,red giant la irunthu vaangikalam,Neutral,POSITIVE
முட்டாள் அரசு,,Neutral,Neutral
Savuku on fire 🔥,savuku fire,Negative,NEGATIVE
What&#39;s the status of Savukku Bail??,whats status savukku bail,Neutral,NEGATIVE
Background Thalapathy photo kannamme sankar Sir plz add him,background thalapathy photo kannamme sankar sir plz add,Positive,NEGATIVE
"<a href=""https://www.youtube.com/watch?v=oYj-PkAKLbA&amp;t=335"">5:35</a> min When Leo talks about history of Scouts <br>My mind voice be like oru velai leo TNPSC aspirant ah iruparo enavo <br>🤔🤔",hrefhttpswwwyoutubecomwatchvoyjpkaklbaampta min leo talks history scouts brmy mind voice like oru velai leo tnpsc aspirant ah iruparo enavo br,Positive,NEGATIVE
🎉🎉🎉🎉🎉🎉,,Neutral,Neutral
தலைவா சீக்கிரமா,,Neutral,Neutral
என்ன தான் சார் நடக்குது அரசாங்கத்துல கேட்க கேட்க தலையே சுத்துது 😮😮...எதோ குழந்தை அழுதால் பொம்மையகொடுறது போல ஸ்டாலின் அவர் மகன்  ஆட்சியை கையில் கொடுக்க போறார் மாட்டிகிட்டு முழிக்க போறது அப்பாவி ஏழை மக்கள் தான் ... இதெல்லாம் எங்க போய் முடிய போகுதோ...😮😮,,Neutral,Neutral
"Dmkஒரு   _   _   ,😆🤣🤣🤣",dmk,Neutral,NEGATIVE
சீக்கிரம் வெளியே வாங்க அண்ணா.. காத்திருக்கோம்.. ❤️,,Neutral,Neutral
I&#39;m getting Rajiyapurashkar award bro..... Anna nala irukangala,im getting rajiyapurashkar award bro anna nala irukangala,Positive,POSITIVE
தெழுங்கு தேவுடியா தாய்லிகளை ஆட்சிக்கு கொண்டுவர கள்ளஓட்டுபோட உதவுபவர்களே அரசுபள்ளி ஆசிரியர்கள்தான் <br><br><br>ஆசிரியரனகள் என்ற போர்வையில் கொள்ளையடிக்கும் கும்பலான அந்த கொள்ளைகார தாய்லிகளுக்கு இது தேவைதான்,brbrbr,Neutral,NEGATIVE
Unmai  kanthu vattikaran than tax ellamal kollaiyadikkiran,unmai kanthu vattikaran tax ellamal kollaiyadikkiran,Neutral,NEGATIVE
மக்களோட மைண்ட் வாய்ஸ் மக்கள் எங்களுக்கு ஓட்டு போடுவதற்கு ₹1000 இருந்தா போதும் பா... தமிழ்நாடு எவ்வளவு கடன் வாங்கினா என்ன வாங்கலைன்னா என்ன,,Neutral,Neutral
Why reduce duration need lengthy videos with informative videos as well as you doing..,reduce duration need lengthy videos informative videos well,Positive,POSITIVE
1hour video podunga,hour video podunga,Neutral,NEGATIVE
எதிரிகளை பிறப்பதில்லை திமுக உருவாக்கிகொள்கிறது🎉🎉🎉🎉🎉🎉🎉🎉🎉 மீண்டும் சவுக்கு சங்கர் இன்று புதிய வழக்கில் கைது ❤❤❤❤❤❤❤❤❤19/12/2024,,Neutral,Neutral
இதே பள்ளி ஆசிரியர்கள்தான் திமுகவை தூக்கிப்பிடித்து ஓட்டு போட்டு ஆட்சியில் அமர்த்தினார்கள் அதற்கு தண்டனை பிச்சை எடுத்தே ஆக வேண்டும் 😢 சாதாரண ஏழை பொதுமக்கள் மட்டும் திண்டாடினால் போதுமா,,Neutral,Neutral
ஆசிரியர்கள் அனைவரும் திமுக,,Neutral,Neutral
சவுக்கு சங்கர் வெளி வர வேண்டும்.,,Neutral,Neutral
"செஸ் வீரர்,மற்றும் கேரம் வீரர்களுக்கு கோடிகளில் பரிசுத் தொகை அறிவித்திருக்கிறார்கள்.யார் அப்பன் வீட்டுக் காசு ,நன்றாக வாய் சவடால் செய்கிறார்கள்.ஓய்வு பெற்ற போக்குவரத்துகழக ஊழியர்களுக்கான பணப்பலன் வருடக் கணக்கில வழங்கவில்லை.  அவர்களுடைய வயிற்றெரிச்சல் சும்மா விடாது.",,Neutral,Neutral
இதைவிட வெற்றி வேறென்ன வேண்டும் சவுக்கிற்கு.... வெட்கம் கெட்ட அரசு திருந்த வாய்ப்பில்லை 2026 ஒழிக்கப்பட வேண்டும்.,,Neutral,Neutral
"Even after arrest, videos are coming…… Rock bro Savukku!!!",even arrest videos coming rock bro savukku,Negative,NEGATIVE
நாளை 20/12/24 அன்று சவுக்கு வெளியே வந்து விடுவார்.. இரண்டு நாட்கள் மட்டுமே தண்டனை வழங்கப்பட்டது,,Neutral,Neutral
விரைவில் சுடலைக்கு பாட கட்டிடுவான் சவுக்கு 🔥,,Neutral,Neutral
உண்மை ஒருநாள்<br>வெல்லும்❤❤❤ இந்த உலகம்<br>உன் பேர் சொல்லும்🔥🔥🔥 அன்று<br>ஊரே போற்றும் மனிதன்<br>நீயே நீயடா  😍🥰😘,br br br br,Neutral,POSITIVE
"I am waiting Sankar anna❤👍, DMK go back 👎😭🙆",waiting sankar anna dmk go back,Neutral,POSITIVE
"Sir Jii, <br><br>They are sucking our blood but not  doing anything for poor and needy. <br><br>TN&#39;s total debt can be paid from that single family. They have earned from our ancestors and us. Is there any way to get rid of this family and pay all the drbt of our state. Please answer this in one interview. <br><br>So far I hv voted only for Jayalalitha Amma. After that I didn&#39;t feel. <br><br>Now I have hope on my Anna Vijay. We need a change. Wt can we do to make the people understand. <br>Please come out of those fake cases and speak for the rural people to understand wt the parties are doing",sir jii brbrthey sucking blood anything poor needy brbrtns total debt paid single family earned ancestors us way get rid family pay drbt state please answer one interview brbrso far hv voted jayalalitha amma didnt feel brbrnow hope anna vijay need change wt make people understand brplease come fake cases speak rural people understand wt parties,Negative,NEGATIVE
சவுக்கு அண்ணா 🧡🤍💚,,Neutral,Neutral
ஒற்றை இலக்கு ❤❤❤ இரட்டை இலை 🌱🌱🌱,,Neutral,Neutral
"<a href=""https://www.youtube.com/watch?v=oYj-PkAKLbA&amp;t=87"">1:27</a> Vanakkam savukku media 🙏🏻🙏🏻",hrefhttpswwwyoutubecomwatchvoyjpkaklbaampta vanakkam savukku media,Neutral,NEGATIVE
தகவலுக்கு நன்றி,,Neutral,Neutral
சொந்த பணத்தில் 100 ஆண்டு விழா நடத்துங்கள்,,Neutral,Neutral
🎉🎉🎉🎉🎉🎉🎉🎉❤❤❤❤❤❤❤,,Neutral,Neutral
⭐⭐⭐⭐⭐,,Neutral,Neutral
அண்ணன்  சவுக்கு  சங்கர்  வெளியே  வரவே  வாழ்த்துக்கள்    🙏🙏🙏🙏🙏🙏,,Neutral,Neutral
Anna seekaram veliya vanga,anna seekaram veliya vanga,Neutral,POSITIVE
செஸ் ஒலிம்பியா இவங்க ஒரு ஆணியும் பிடுங்க மத்திய அரசுதான் அதற்கு பணம் கொடுத்தது,,Neutral,Neutral
❤❤❤❤🎉,,Neutral,Neutral
சங்கர் சார் அவர்கள் வெளியே வரவேண்டும்.,,Neutral,Neutral
Teachers kita ila student parents kita than edhu pogum,teachers kita ila student parents kita edhu pogum,Neutral,NEGATIVE
"The Tamil Nadu government has sanctioned ₹92 crore for the 44th Chess Olympiad, the world&#39;s biggest chess event, to be hosted by the State from July 28 to August 10 in Chennai, said Chief Minister MK Stalin.",tamil nadu government sanctioned crore th chess olympiad worlds biggest chess event hosted state july august chennai said chief minister mk stalin,Neutral,POSITIVE
Thalaiku therinjurukku pola epdiyum arrest pannuvangannu adha munnadiyae neraiya story pannivachutu poirukapula....😂😂😂😂😂😂,thalaiku therinjurukku pola epdiyum arrest pannuvangannu adha munnadiyae neraiya story pannivachutu poirukapula,Negative,NEGATIVE
தலைவா எப்ப வரீங்க நான் உங்களுக்காக காத்துக் கொண்டிருக்கிறேன்  உங்களை நான் தலைவனாக பார்க்கிறேன்...... எப்போதும் உன் பேச்சு சரவெடி தான்........ ஐ லவ் யூ தலைவா🌹❤️❤️❤️❤️🌹🌹🌹🌹🥰🥰,,Neutral,Neutral
"அந்த தரித்திரம புடிச்வனுக்கு ஊர்ஊரா விழா எடுக்க அரசாங்க பணத்த செலவளிக்க இவனுங்க <a href=""https://www.youtube.com/watch?v=oYj-PkAKLbA&amp;t=543"">9:03</a>  அப்ப ஊட்டு பணமா.இருக்கு இவனுக்கு.சாரனர் இயக்கதுக்கு என்ன சம்பந்தம்",hrefhttpswwwyoutubecomwatchvoyjpkaklbaampta,Neutral,NEGATIVE
இந்த வீடியோ எல்லாம் எப்போ எடுத்தது ??? ( உங்கள் கைத்துக்கு பிறகு வருது ?),,Neutral,Neutral
Savukku blast 🔥🔥🔥🔥,savukku blast,Neutral,POSITIVE
❤❤❤❤,,Neutral,Neutral
❤❤❤❤,,Neutral,Neutral
75 Platinum Jubilee <br>Pavala vizha,platinum jubilee brpavala vizha,Neutral,POSITIVE
Anne waiting neyyyy......takkunu vanga❤,anne waiting neyyyytakkunu vanga,Neutral,NEGATIVE
அரசு ஊழியர்கள் ஆசிரியர்கள் திமுகவிற்கு வாக்களித்து நாட்டை நாசமாக்கிய பாவம் அவர்களுக்கு திரும்பியுள்ளது.,,Neutral,Neutral
நீங்கள் தான் உண்மையான ஊடகவியலாளர்... வாழ்த்துக்கள் அண்ணா,,Neutral,Neutral
"<a href=""https://www.youtube.com/watch?v=oYj-PkAKLbA&amp;t=296"">4:56</a>  athe mari intha matham magaleer urimai thogai vara villa savuku @SavukkuOfficial anna, chengalpettu mavattom kadaisi matham varikum vandhu tu irunthechi intha matham vara villai 😢 matha mavattangaluku enna nelamai endru theriyavillai😔😕",hrefhttpswwwyoutubecomwatchvoyjpkaklbaampta athe mari intha matham magaleer urimai thogai vara villa savuku savukkuofficial anna chengalpettu mavattom kadaisi matham varikum vandhu tu irunthechi intha matham vara villai matha mavattangaluku enna nelamai endru theriyavillai,Neutral,NEGATIVE
எல்லாம் கொள்ளை அடிக்க தானே,,Neutral,Neutral
Leo இவரு உள்ளே இருக்காரா இல்ல வெளியே இருக்காரா?,leo,Neutral,POSITIVE
Saukku sankar anna nalla irukkangala,saukku sankar anna nalla irukkangala,Neutral,NEGATIVE
Sir you are bold and I trust you are telling truth. Government should bring a act to protect whistle blowers like you.,sir bold trust telling truth government bring act protect whistle blowers like,Positive,POSITIVE
Anna saukku sankar annaukku eanna achu,anna saukku sankar annaukku eanna achu,Neutral,POSITIVE
"Savukku Anna pls English la subtitle <a href=""http://podunga.so/"">podunga.so</a> in overall world everybody can understand your conversation and learn a lot from you.especially about judgements in various cases- you are explaining them in <a href=""http://detail.as/"">detail.as</a> an youngster who doesn&#39;t have a basic knowledge in law I learnt a lot about that from you",savukku anna pls english la subtitle hrefhttppodungasopodungasoa overall world everybody understand conversation learn lot youespecially judgements various cases explaining hrefhttpdetailasdetailasa youngster doesnt basic knowledge law learnt lot,Positive,NEGATIVE
Savukku anna release pannanum,savukku anna release pannanum,Neutral,NEGATIVE
Bike taxi பத்தி பேசுங்க அண்ணா,bike taxi,Neutral,NEGATIVE
"Already Tuticorin ,Aarumuganeri  Aadhava Trust chairman Fraud Balakumaresan....may speak with minister....",already tuticorin aarumuganeri aadhava trust chairman fraud balakumaresanmay speak minister,Negative,NEGATIVE
Come back stronger savukku❤❤,come back stronger savukku,Positive,POSITIVE
இவங்களெ பணம் போட்டு பிளாக்க ஒயிட் ஆக்குவார்கள்,,Neutral,Neutral
weare waiting for you,weare waiting,Neutral,NEGATIVE
Savukku come soon A lion is always a lion,savukku come soon lion always lion,Neutral,POSITIVE
"I think Savukku has body-double 😊.... Fake is in jail, real is here.",think savukku bodydouble fake jail real,Negative,NEGATIVE
Vanakkam malathi ❤,vanakkam malathi,Neutral,POSITIVE
"சவுக்கு அவர்களே, திமுக கட்சியின் பணம், மற்றும் DMK, ADMK விடம் உள்ளம பணம் வாங்கினால் இது ஒரு சாதாரண தொகை",dmk admk,Neutral,NEGATIVE
திருட்டு திமுக<br>அப்பன் கருணாநிதி நூற்றாண்டு விழா கொண்டாட தமிழக அரசு<br>பணத்தை வீணாக<br>செலவு செய்யும்,br br br,Neutral,POSITIVE
பால் பணம் சரியாக பட்டுவாடா செய்வதில்லை விடியல் வாழ்க,,Neutral,Neutral
Stand with Savukku,stand savukku,Neutral,POSITIVE
"திமுக என்றாலே ஊழல் கட்சி தான் மனசாட்சி இல்லாமல் கொள்ளையடிப்பது இவர்களுடைய கை வந்த கலை விஞ்ஞான முறையில் திருடுபவர்கள் மேடையில் மற்றவர்களை அசிங்க அசிங்கமாக பேச விட்டு ரசித்துக் கொண்டு இருக்கும் கட்சிதான் இவர்களுக்கு வெட்கம், மானம், சூடு, சொரணை, இல்லாதவர்கள் தான் திமுககாரர்கள்.",,Neutral,Neutral
Nice slippering by SS sir 👍,nice slippering ss sir,Positive,POSITIVE
Hi Savukku media please update us what is happening to Savukku sir,hi savukku media please update us happening savukku sir,Positive,NEGATIVE
சவுக்கு சங்கர் அவர்களுக்கு நிகர் அவரே வாழ்த்துகள் சிங்கமே.,,Neutral,Neutral
"<a href=""https://www.youtube.com/watch?v=oYj-PkAKLbA&amp;t=92"">1:32</a> video starts",hrefhttpswwwyoutubecomwatchvoyjpkaklbaampta video starts,Neutral,NEGATIVE
"<a href=""https://www.youtube.com/watch?v=oYj-PkAKLbA&amp;t=296"">4:56</a> athe mari intha matham magaleer urinai thogai vara villa savuku anna, chengalpettu la enga patti irukanga avangaluku last month varikum vandhu Tu irunthechi intha madham vara villai 😢 matha mavattangaluku enna nelamai endru theriya villai 😕😔",hrefhttpswwwyoutubecomwatchvoyjpkaklbaampta athe mari intha matham magaleer urinai thogai vara villa savuku anna chengalpettu la enga patti irukanga avangaluku last month varikum vandhu tu irunthechi intha madham vara villai matha mavattangaluku enna nelamai endru theriya villai,Neutral,NEGATIVE
The govt teachers can collect money from their own huge salary.,govt teachers collect money huge salary,Positive,NEGATIVE
தமிழ் நாட்டை நாசம் செய்வது தான் திராவிட மாடலா வெக்கமா இல்லையா ஜால்ரா போடும் கூட்டணி கட்சிகள் வெக்கபடவேண்டும்,,Neutral,Neutral
சவுக்கு ஏதோ பிளான் போட்டு வேணும்னே ஜெயிலுக்கு போன மாதிரி இருக்கு. என்னமோ இருக்கு.,,Neutral,Neutral
🌷வளர்க   சவுக்கு   மீடியா<br>வெல்க  சவுக்கு 🌷,br,Neutral,POSITIVE
Sankar avargal One month ku video va record panni vachitu than poyirukapla pola pavam ithu theriyama avara remand panni vachirukanga,sankar avargal one month ku video va record panni vachitu poyirukapla pola pavam ithu theriyama avara remand panni vachirukanga,Neutral,NEGATIVE
வாழ்த்துகள்🎉 நாம் தமிழர் கட்சி சார்பாக மென்மேலும் வளர வாழ்த்துகள் 🥰நாம் தமிழர் கட்சி வெல்லும் 🎉 சீமான் 🥰 NTK 🤩,ntk,Neutral,POSITIVE
💥 உண்மை உரக்கச் சொல்ல சவுக்கு சங்கர் தவிர வேறு யாருமில்லை 🧨💥🧨💥🧨💥🧨💥🧨💥🧨💥,,Neutral,Neutral
"கல்வி அமைச்சர் எந்த விழாவும் கொண்டாடவேண்டாம், புடுங்கிய ஆணிகள் போதும். கல்வி அமைச்சர் தன் சொந்த காசை போடவும்.",,Neutral,Neutral
Our honorable Judiciary and police officials has to understand the Play behind Savukku Shankar he is really working against corruptions and culprits. For doing good to society he is under going harrasments 😢 please do something to stop it permanently 😭🙏 only doing good he is suffering otherwise lots of culprits and corrupted people are enjoying outside. How come our future going to be 😢 . indirectly we are conveying don&#39;t do good to our generation.imagine what kind of a generation we are going to have. Now it self how the people are suffering . My kind request to our honorable Judiciary our only hope is Judiciary please 😢,honorable judiciary police officials understand play behind savukku shankar really working corruptions culprits good society going harrasments please something stop permanently good suffering otherwise lots culprits corrupted people enjoying outside come future going indirectly conveying dont good generationimagine kind generation going self people suffering kind request honorable judiciary hope judiciary please,Positive,POSITIVE
சவுக்கு அண்ணன் எங்கே இருக்கிறார் எப்போது வருவார் என்று பதிவிடவும்,,Neutral,Neutral
My prayers to savukku to come out soon,prayers savukku come soon,Neutral,POSITIVE
Stalin and udhay will be jailed soon for their human rights violations.... Savukku Sankar can not be jailed legally...Prof.Dr.RECS NADAR,stalin udhay jailed soon human rights violations savukku sankar jailed legallyprofdrrecs nadar,Negative,NEGATIVE
சவுக்குசங்கர் எங்கேவுள்ளார் எப்பேதுவெளி வருவார்,,Neutral,Neutral
Thalaivaaa vegamakaa vangaa,thalaivaaa vegamakaa vangaa,Neutral,NEGATIVE
One year ku video recording pani vachruparu polaaaa😂,one year ku video recording pani vachruparu polaaaa,Neutral,NEGATIVE
❤❤,,Neutral,Neutral
🎉🎉🎉🎉🎉❤❤❤❤❤❤,,Neutral,Neutral
இந்த ஆட்சியின் கையாலாகாத தனம். கண்டிப்பாக 2026ல் ஊஊஊ,,Neutral,Neutral
1 hour vedio venum leyo,hour vedio venum leyo,Neutral,NEGATIVE
நல்ல தரவுகளை வெளியிடும் சவுக்கு மீடியா மட்டும் சங்கர் அவர்களுக்கு நன்றி 👍👍👌👌👌,,Neutral,Neutral
"Pls ennoda comment consider panunga.. I was once a private college professor<br>   Every December private arts, engineering, diploma colleges admission kaaga government and private schools ah approach pani +2 students oda address phone vaangitu then march la irunthu admissions kaaga canvas panuvanga..<br><br> ithu private college staff ku compulsory.. veedu veeda poi pichai edukatha korai thaan.. antha summer heat la theru theruva suthanum<br><br>Ipavum nirraya govt schools la paarunga most office furnitures, computers, printers copiers elam privat colleges vaangi kuduthathu thaan. . So in that point of view.. intha varusham +2 students details venum na engaluku nithi kudunga nu sonna pothum all the private colleges vilunthu adichutu help panuvanga.. colleges leave vitutu avangaloda buildings ah accommodation ku kuduthu and selavu pani nadathium kudupanga.. ithu kandipa nadakum paarunga.. pls discuss if possible.",pls ennoda comment consider panunga private college professorbr every december private arts engineering diploma colleges admission kaaga government private schools ah approach pani students oda address phone vaangitu march la irunthu admissions kaaga canvas panuvangabrbr ithu private college staff ku compulsory veedu veeda poi pichai edukatha korai thaan antha summer heat la theru theruva suthanumbrbripavum nirraya govt schools la paarunga office furnitures computers printers copiers elam privat colleges vaangi kuduthathu thaan point view intha varusham students details venum na engaluku nithi kudunga nu sonna pothum private colleges vilunthu adichutu help panuvanga colleges leave vitutu avangaloda buildings ah accommodation ku kuduthu selavu pani nadathium kudupanga ithu kandipa nadakum paarunga pls discuss possible,Positive,NEGATIVE
விரைவில் வெளில வரணும். காழ்புணர்ச்சி  வழக்கு.,,Neutral,Neutral
DMK Party most donated for this function 😂😂😂. But no,dmk party donated function,Positive,NEGATIVE
"I am Also a Scout in my school days, Jamboree is an emotion for every Scout and Guide. Very sad to know this information.",also scout school days jamboree emotion every scout guide sad know information,Negative,NEGATIVE
Hr.Depar.Contri.,hrdeparcontri,Neutral,POSITIVE
விமர்சனங்களை எதிர் கொள்ள வேண்டும்.... அல்லது தங்களை மாற்றிக் கொள்ள வேண்டும் .... விமர்சிப்பவர்களை ஒடுக்குவதோ .... அடக்குவதோ..... ஜனநாயக நாட்டில் ஏற்றுக் கொள்ளவே முடியாது.,,Neutral,Neutral
தமிழக அரசு தள்ளாடுகிறது என்பதை தெளிவாக எடுத்துறைத்த தம்பி சங்கருக்கு என் பாராட்டுக்கள்🎉🎉<br>தொடரட்டும் உனது பணி வெற்றிகரமாக🎉🎉❤❤❤❤,br,Neutral,POSITIVE
Savuku annan super unga news pakkamaerrugamatten,savuku annan super unga news pakkamaerrugamatten,Positive,NEGATIVE
அண்ணா சார்பு ஆய்வாளர் பணியின் நடத்த வேண்டிய தேர்வை பற்றி பேசுங்கள்....,,Neutral,Neutral
அண்ணா சார்பு ஆய்வாளர் பணியின் நடத்த வேண்டிய தேர்வை பற்றி பேசுங்கள்....,,Neutral,Neutral
"முதலில் வெள்ளை பேப்பர் வாங்க அரசிடம் காசுயிருக்குமா ? திரு.சவுக்கு சங்கர் அவர்களே,",,Neutral,Neutral
Beautiful background music ❤️,beautiful background music,Positive,POSITIVE
அண்ணா சார்பு ஆய்வாளர் பணியின் நடத்த வேண்டிய தேர்வை பற்றி பேசுங்கள்...,,Neutral,Neutral
❤❤❤❤,,Neutral,Neutral
Sir yendaium kettanga sir school la... 🗣️<br>Ennama thiruduranga sad ithalam maranum athukku athachum solution sollunga sir 🙏,sir yendaium kettanga sir school la brennama thiruduranga sad ithalam maranum athukku athachum solution sollunga sir,Negative,NEGATIVE
2000 rs ku enoda kadaila cake vangunanga dmk katchi karanga udayanidhi birthday ku..kasae kudukala..building approval sign poda 17lakhs vangunanga..na ena kolaiya adichu kuduka mudium..?1 rs um kasta pata than kidaikum..!ithanaikum antha dmk chairman ennoda classmate..,rs ku enoda kadaila cake vangunanga dmk katchi karanga udayanidhi birthday kukasae kudukalabuilding approval sign poda lakhs vangunangana ena kolaiya adichu kuduka mudium rs um kasta pata kidaikumithanaikum antha dmk chairman ennoda classmate,Positive,NEGATIVE
"பேஷ் பேஷ், ரொம்ப நல்லா இருக்கு.",,Neutral,Neutral
சிங்கம் வெளிய வந்துட்டாங்களா 🌹🔥🔥🔥,,Neutral,Neutral
🙏🙏🙏🙏❤❤❤❤❤,,Neutral,Neutral
👍👌ss,ss,Neutral,NEGATIVE
என்னசார்சிக்கீரம்முடிச்சுட்டிங்கசார்,,Neutral,Neutral
Sikkarama velila vanga anna 😢,sikkarama velila vanga anna,Neutral,POSITIVE
சவுக்கு‌ அவர்களே  தாங்கள்‌   கூறுவது  சரியே<br>ஆணால்‌ வாத்தியார்கள்  பணம் போட்டு  நடத்தலாம்<br>அவர்கள்  கொள்ளை  அடிப்பதபோல்‌ சமபளம்‌ வாங்குகிறான்கள்<br>வட்டிகத்  தொழில் தான்  செப்றான்கள்,br br br,Neutral,POSITIVE
🙏,,Neutral,Neutral
❤,,Neutral,Neutral
Pls reply for your recent arrest,pls reply recent arrest,Negative,NEGATIVE
Please increase the length of the video. We need atleast 45 mts to 50 minutes.  This is my humble request.,please increase length video need atleast mts minutes humble request,Positive,POSITIVE
❤❤❤❤❤❤❤❤❤❤❤❤ sankar sir,sankar sir,Neutral,POSITIVE
அட்ரா சக்கை... தலைவர் தான் உள்ள இருக்காரே... எப்படி வீடியோ வருமோ னு கவலைப்பட்டேன்..But  savukku media சும்மா புகுந்து விளையாடுது...எதுவும் AI தொழில் நுட்பமா!??,savukku media ai,Neutral,NEGATIVE
Wow podu ❤❤😂,wow podu,Positive,POSITIVE
Anna kvt vettuku kodukka 50000 kekuranga😢,anna kvt vettuku kodukka kekuranga,Neutral,NEGATIVE
I am Fan Vera level bold 💪 Sankar sir 💯🔥🔥🔥🔥🔥🔥🔥,fan vera level bold sankar sir,Positive,POSITIVE
சவுக்கு சங்கர் அண்ணா எங்க இருக்காங்க என்ன விவரம் தெரியவில்லை தயவுசெய்து என்ன விவரம் சொல்லுங்க,,Neutral,Neutral
Video leanth increase panunga,video leanth increase panunga,Positive,POSITIVE
"Savukku should reach 1 crore subscribers, my best wishes",savukku reach crore subscribers best wishes,Positive,POSITIVE
சூப்பர் na,na,Neutral,NEGATIVE
சாரணர் இயக்கம் ஆங்கிலேயன் துவக்கியது. அதனால் புறக்கணிப்பு.,,Neutral,Neutral
❤❤❤❤❤,,Neutral,Neutral
DMK MLA MP kitta vaangi kodukanum...avarkalugu ellam intha money pocket money pontrathu.😂,dmk mla mp kitta vaangi kodukanumavarkalugu ellam intha money pocket money pontrathu,Neutral,NEGATIVE
ஓட்டு போட்ட ஆசிரிய பெருமக்கள் செய்த பாவத்தை சுமந்து தான் ஆக வேண்டும்,,Neutral,Neutral
Savukku sir irukintra thiruttu manthri ovvaruthum thalaa<br>Kolla adicha kaasula 1 kodi koduthalum pothum,savukku sir irukintra thiruttu manthri ovvaruthum thalaabrkolla adicha kaasula kodi koduthalum pothum,Neutral,NEGATIVE
Be Prepared -  Obey the Orders,prepared obey orders,Positive,POSITIVE
🎉🎉🎉welcome🙏 👍,welcome,Positive,POSITIVE
அண்ணா வெளியே வந்தாச்சா,,Neutral,Neutral
20ஆம் தேதிவரை சவுக்குக்கு நீதிமன்றகாவல் தேனிமாவட்ட நீதிமன்றம்,,Neutral,Neutral
The lion is always lion 🎉🎉🎉🎉,lion always lion,Neutral,POSITIVE
எங்கே மாலதி 3வர் கூட்டணி அருமை இப்போது ஊறுகாய் இல்லாத தயிர்சாதம் போல இருக்கு சரி சரி,,Neutral,Neutral
Savukku sir<br>Vaaltha vayathu illai VANANGUKUKIREN🙏,savukku sirbrvaaltha vayathu illai vanangukukiren,Neutral,POSITIVE
Savukku army 🪖🪖🪖🪖,savukku army,Neutral,NEGATIVE
Adapavi ipdi pesakoodathunnu unna jaila potta oru maasathukku already video shoot panniteengala... Sankar really a brave man,adapavi ipdi pesakoodathunnu unna jaila potta oru maasathukku already video shoot panniteengala sankar really brave man,Positive,POSITIVE
Seekram release aavunga savukuuuu we r waiting,seekram release aavunga savukuuuu r waiting,Neutral,NEGATIVE
"if i was him .. i would have obliged to the threats of the egoistic guys ..<br><br>What he brings out..  is in the interest of people welfare only... If ruling govt (admk or dmk) corrects them... Respective govt will get people support..<br><br>Say.. for next 6 months if the ruling govt does a people centric corruption free govt<br>.. will savukku be popular then.. <br>that should be a easy way for any ruling govt to suppress savukku.. <br>At that point .. savukuu media will have programs .. each day appreciating one of the govt departments..<br><br>Living bhagat singh.. savukku, leo n team..",would obliged threats egoistic guys brbrwhat brings interest people welfare ruling govt admk dmk corrects respective govt get people supportbrbrsay next months ruling govt people centric corruption free govtbr savukku popular brthat easy way ruling govt suppress savukku brat point savukuu media programs day appreciating one govt departmentsbrbrliving bhagat singh savukku leo n team,Positive,NEGATIVE
Yow adhalam venam 1 hour laye viedo edit pani podunga yaa,yow adhalam venam hour laye viedo edit pani podunga yaa,Neutral,NEGATIVE
45 to 50 mins video vennum,mins video vennum,Neutral,NEGATIVE
அண்ணா எப்போ வெளில வருவீங்க எல்லாம் வைட்டிங் 🎉🎉🎉🎉🎉,,Neutral,Neutral
yow arrest aguva therinju video lam record panitu poitiyaa vera lvl... Please give update on savukku arrest!!! Great mind man..,yow arrest aguva therinju video lam record panitu poitiyaa vera lvl please give update savukku arrest great mind man,Positive,NEGATIVE
"எங்கள் அமைச்சர் ஒரு வீரமிக்க  விவேகம் மிக்க தங்கள் துறையில் பணிபுரிய பணியாளர்களை தங்கள் பிள்ளை போல் அமைச்சர் பாவிக்கிறர்.அமைச்சர் இங்கே பணிபுரியும் ஆய்வக உதவியாளர், பகுதி நேர ஆசிரியர்கள், சிறப்பு ஆசிரியர் பயிற்றுநர்கள், மாதிரி பள்ளி ஆசிரியர்கள் அல்லாத பணியாளர்கள் நன்றி அறிவிப்பு மாநாடு நடத்தி உள்ளார்கள் அரசு செய்ய வேண்டிய ஊதிய உயர்வுக்கு நன்றி அறிவிப்பு மாநாடு மற்றும் ஊதிய உயர்வு கேட்டு ஒருங்கிணைந்த பள்ளிக் கல்வியில் கட்டிட பொறியாளர் சங்கம், தொகுப்புதிய பணியாளர்கள் அனைத்து ஊழியர்  சங்கம்  பொதுக்குழுவில் அமைச்சர் கலந்து கொண்டார், preprimary  அங்கன்வாடி ஆசிரியர் பணியாளர் சங்கம் வரும் சனிக்கிழமை 21 december கோரிக்கை மாநாடு நடத்த அண்ணன் சிகரம் சதீஷ் அவர்கள் அனைவருக்கும் வாழ்க்கையில் விளக்கேற்ற மேற்கூறிய அனைத்து இடத்திற்கும் அமைச்சரை அழைத்து வருகிறார். நாங்கள் இறந்தாலும் அனாதை தான் பத்தாண்டு பணி செய்தாலும் அரசு சார்பில் ஒரு ரூபாய் கூட வழங்காது.",preprimary december,Neutral,NEGATIVE
DMK model government 😂😂😂,dmk model government,Neutral,NEGATIVE
Schoolல் வேலை பார்க்கும் ஊழியர்க்கு சாலரி தருவதற்கு நிதி இல்லை. கேரம் போட்டியில் வின் பண்ண பெண்ணுக்கு கோடி பரிசா?,school,Neutral,POSITIVE
நேற்று இன்று 2நாள் பதிவை பார்த்தவர்கள் காண்டு ஆயிறுப்பாங்க் எப்படி சிங்கம் கற்ஜிக்கிரது என்று இதுதான் சவுக்கு சவுக்கு சங்கர் ஐயா நீவீர் வாழ்க வளத்துடன் 👍🌱🌱🌱👏👏👏,,Neutral,Neutral
Sir teachers athika sambhalam vangaranga avnga pottu kudukkatum sir,sir teachers athika sambhalam vangaranga avnga pottu kudukkatum sir,Neutral,NEGATIVE
"இந்த மாதிரி அரசை கூட்டம் சன்னதிகள் தன உள்ள போடறே .. <br><br>உள்ள போட்டாலும் நிம்மதி கொடுக்க மாட்டேனே இந்த ஆளு <br><br>Support Savvukku..",br br brbrsupport savvukku,Neutral,NEGATIVE
செஸ் போட்டிலwin பண்ண வர் 5 கோடி பரிசு தமிழ்நாடு அரசுபணம் கொடுப்பது வீண். தேவையற்ற செலவு அந்த பையன் என்ன சாதித்து விட்டார்? வேலை வாய்ப்பு தரலாம். 5 கோடி பணம் வீண். கேரம் போர்டு 7 கோடி பரிக வீண்.,win,Positive,POSITIVE
Sankar release aaitana😮😮😮,sankar release aaitana,Neutral,POSITIVE
😢😢😢😢உள்ளே இருக்கும் போதே இந்த வீடியோ வருகிறதென்றால் என்ன அர்த்தம் 😂😂😂. பேக்கரி டீலர்களை மதிக்கவில்லை என்று தானே அர்த்தம்😂😂😂,,Neutral,Neutral
இந்த விடியா திமுக ஆட்சியில் எல்லாமே தலைகீழா தான் நடக்கிறது அதை நீங்கள் ஒரு ஆள் தான் தோலுரித்து <br><br> காட்டுகின்ற வேலையை செய்து கொண்டிருக்கிறீர்கள் வாழ்த்துக்கள் உங்களுக்கு நீங்கள் நலமுடன் வாழ என்னுடைய வாழ்த்துக்கள்,brbr,Neutral,POSITIVE
உள்ளே இருக்கும் போதே இந்த வீடியோ வருகிறதென்றால் என்ன அர்த்தம் 😂😂😂. பேக்கரி டீலர்களை மதிக்கவில்லை என்று தானே அர்த்தம்😂😂😂,,Neutral,Neutral
விரைவில் சவுக்கு அண்ணா வெளியே வர வேண்டும் 😢,,Neutral,Neutral
Sir unga gmail ID kodunga sir.enkita dmk pathi news eruku land accusation.and attacking water board assistants,sir unga gmail id kodunga sirenkita dmk pathi news eruku land accusationand attacking water board assistants,Negative,NEGATIVE
Sir eppo varuveenga am waiting😢,sir eppo varuveenga waiting,Neutral,POSITIVE
30-45 mins ok sir. Rombha interesting aana topic na evlo neram venum na paakalaam.,mins ok sir rombha interesting aana topic na evlo neram venum na paakalaam,Positive,POSITIVE
இவருக்கு ஏற்கனவே கைதியாக போறது தெரியும் போல.,,Neutral,Neutral
சவுக்கு மீடியா நேயர்களுக்கு வணக்கம்  🙏  என்றென்றும் மக்கள்   குரலாய் ஒலிக்க உங்கள் காணொளிக்காக காத்திருக்கிறோம்.... 👍❤️🙏,,Neutral,Neutral
அருமை சார்,,Neutral,Neutral
Thala release aaitiya adha sollave matranunga media la😂,thala release aaitiya adha sollave matranunga media la,Neutral,NEGATIVE
shankar sir  eppo varvar leo bro,shankar sir eppo varvar leo bro,Neutral,POSITIVE
உண்மையான ஊடகவியலாளர் சவுக்கு சங்கர்❤❤❤❤❤❤❤❤❤❤❤❤❤❤❤❤❤❤❤❤❤❤❤❤❤❤❤❤❤❤,,Neutral,Neutral
சவுக்கு நாங்க அரசு ஊழியர்கள் திமுகவுக்கு தான் இனியும் ஓட்டு போடுவோம்.நாங்கள் லஞ்சம் வாங்க திமுக அரசு ஒத்துழைக்கும் பாதுகாக்கும்.,,Neutral,Neutral
Are u ok sir.this is current news sir.we r. Much worried,u ok sirthis current news sirwe r much worried,Neutral,NEGATIVE
Seikaram ma velila va ga sir 🥲🙂🙂,seikaram velila va ga sir,Neutral,POSITIVE
Please increase the length of the video,please increase length video,Positive,POSITIVE
ஐயா உங்களை விடுவித்து விட்டாங்களா🎉❓,,Neutral,Neutral
🔥🔥✨,,Neutral,Neutral
நீ கலக்கு சித்தப்பு  கத்தி படம் மாதிரி உள்ள இருக்கான் வெளியில வீடியோ வருதுன்னு மண்டைய பிச்சிக்கிட்டு அலையிடும்,,Neutral,Neutral
பிஜேபிக்கு கண்டனம் யாரெல்லாம் தெரிவிக்கிறீர்கள்,,Neutral,Neutral
Already 1 week ku video recordings poirukku polaye. Vera level savukku sir,already week ku video recordings poirukku polaye vera level savukku sir,Neutral,NEGATIVE
Ka.anbalagan bdy,kaanbalagan bdy,Neutral,NEGATIVE
Sankar sir eppo release avaru bro.,sankar sir eppo release avaru bro,Neutral,NEGATIVE
அண்ணா உங்களை கைது செய்ததன் சொன்னாங்க எங்கடா இருக்கீங்க,,Neutral,Neutral
Ama arrested nu news vantuchu release panitangala,ama arrested nu news vantuchu release panitangala,Negative,NEGATIVE
Savukku Bro release ah?,savukku bro release ah,Neutral,NEGATIVE
தலைவன் ரெடியா தான் இருந்திருக்கார் போல..,,Neutral,Neutral
"<a href=""https://www.youtube.com/watch?v=oYj-PkAKLbA&amp;t=87"">1:27</a> vanakkam savukku",hrefhttpswwwyoutubecomwatchvoyjpkaklbaampta vanakkam savukku,Neutral,NEGATIVE
Hello sir....  i am  following you... Every day... Very intelligent person,hello sir following every day intelligent person,Positive,POSITIVE
Odiyanga odiyanga Annan vantaru🎉🎉,odiyanga odiyanga annan vantaru,Neutral,POSITIVE
Where are you Anna,anna,Neutral,POSITIVE
Palaya videova? Thalaivan veliya vanthutara?,palaya videova thalaivan veliya vanthutara,Neutral,POSITIVE
சவுக்கு சங்கர் ❤❤❤,,Neutral,Neutral
Ena thalaiva  pre record video va,ena thalaiva pre record video va,Neutral,NEGATIVE
"<a href=""https://www.youtube.com/watch?v=oYj-PkAKLbA&amp;t=95"">1:35</a> starts 🎉",hrefhttpswwwyoutubecomwatchvoyjpkaklbaampta starts,Neutral,NEGATIVE
Anna i miss you,anna miss,Negative,NEGATIVE
❤❤❤❤❤❤❤❤❤❤❤❤❤❤❤❤❤❤❤❤❤❤❤❤❤❤❤ ஷங்கர் தி மாஸ்  ❤❤❤❤❤❤❤❤❤❤❤,,Neutral,Neutral
Ss always🎉🎉🎉,ss always,Neutral,POSITIVE
Anna🎉🎉,anna,Neutral,POSITIVE
